|------------------------------|-------------------------------------------------|
| Question                     | Answer                                          |
|------------------------------|-------------------------------------------------|
| What are the office timings? | The office is open from 9 AM to 6 PM            |
|------------------------------|-------------------------------------------------|
| ऑफिस का समय क्या है?         | ऑफिस सुबह 9 बजे से शाम 6 बजे तक खुला है।        |-----------------------------|-------------------------------------------------|
| Is sandeep Sir Busy?         |  Yes he's busy.                                 |-----------------------------|-------------------------------------------------|
| Are visitors allowed?        | Visitors are allowed only with permission.      |----------------------------|-------------------------------------------------|
| क्या विज़िटर्स की अनुमति है? | विज़िटर्स को अनुमति के साथ ही आने की अनुमति है। |------------------------------|-------------------------------------------------|
| What is your name?           | My name is Vaman.                               |------------------------------|-------------------------------------------------|
| आपका नाम क्या है?            | मेरा नाम वमन  है।                               |-----------------------------|-------------------------------------------------|
| Who are you?                 | I am an AI-powered assistant.                   |
| तुम कौन हो?                  | मैं एक एआई-पावर्ड एफएक्यू सहायक हूँ।            |
|------------------------------|-------------------------------------------------|
